{
  "experiment": "attention_fusion_synthetic_depth_eval",
  "baseline_checkpoint": "models\\vision-spatial\\attention_fusion.pth",
  "depth_estimator": "depth-anything/Depth-Anything-V2-Small-hf",
  "test_samples": 2160,
  "class_names": [
    "supine",
    "left",
    "right"
  ],
  "real_depth": {
    "accuracy": 0.9981481481481481,
    "macro_f1": 0.9981481445758962,
    "classification_report": {
      "supine": {
        "precision": 0.9958448753462604,
        "recall": 0.9986111111111111,
        "f1-score": 0.9972260748959778,
        "support": 720.0
      },
      "left": {
        "precision": 0.9986072423398329,
        "recall": 0.9958333333333333,
        "f1-score": 0.9972183588317107,
        "support": 720.0
      },
      "right": {
        "precision": 1.0,
        "recall": 1.0,
        "f1-score": 1.0,
        "support": 720.0
      },
      "accuracy": 0.9981481481481481,
      "macro avg": {
        "precision": 0.9981507058953644,
        "recall": 0.9981481481481481,
        "f1-score": 0.9981481445758962,
        "support": 2160.0
      },
      "weighted avg": {
        "precision": 0.9981507058953645,
        "recall": 0.9981481481481481,
        "f1-score": 0.9981481445758961,
        "support": 2160.0
      }
    },
    "confusion_matrix": [
      [
        719,
        1,
        0
      ],
      [
        3,
        717,
        0
      ],
      [
        0,
        0,
        720
      ]
    ]
  },
  "synthetic_depth": {
    "accuracy": 0.8805555555555555,
    "macro_f1": 0.8751385135344298,
    "classification_report": {
      "supine": {
        "precision": 1.0,
        "recall": 0.6430555555555556,
        "f1-score": 0.7827557058326289,
        "support": 720.0
      },
      "left": {
        "precision": 0.9638069705093834,
        "recall": 0.9986111111111111,
        "f1-score": 0.9809004092769441,
        "support": 720.0
      },
      "right": {
        "precision": 0.7570977917981072,
        "recall": 1.0,
        "f1-score": 0.8617594254937163,
        "support": 720.0
      },
      "accuracy": 0.8805555555555555,
      "macro avg": {
        "precision": 0.9069682541024969,
        "recall": 0.8805555555555555,
        "f1-score": 0.8751385135344298,
        "support": 2160.0
      },
      "weighted avg": {
        "precision": 0.9069682541024968,
        "recall": 0.8805555555555555,
        "f1-score": 0.8751385135344297,
        "support": 2160.0
      }
    },
    "confusion_matrix": [
      [
        463,
        27,
        230
      ],
      [
        0,
        719,
        1
      ],
      [
        0,
        0,
        720
      ]
    ]
  },
  "delta": {
    "accuracy": -0.11759259259259258,
    "macro_f1": -0.12300963104146634
  },
  "sample_breakdown": {
    "both_correct": 1900,
    "both_wrong": 2,
    "regressed": 256,
    "recovered": 2,
    "agree_count": 1901,
    "agree_fraction": 0.8800925925925925
  },
  "test_subjects": [
    "00004",
    "00005",
    "00012",
    "00014",
    "00015",
    "00018",
    "00029",
    "00032",
    "00036",
    "00055",
    "00070",
    "00076",
    "00082",
    "00087",
    "00095",
    "00100"
  ]
}