{
  "train_loss": [
    0.1696145385503769,
    0.16701169312000275,
    0.16588522493839264,
    0.16468553245067596,
    0.16328667104244232,
    0.16212745010852814,
    0.16079145669937134,
    0.1600738912820816,
    0.1587168127298355,
    0.15818116068840027,
    0.1571357399225235,
    0.156681090593338,
    0.15608523786067963,
    0.1555064469575882,
    0.1545933336019516
  ],
  "train_acc": [
    0.5858866960102229,
    0.6194661365895215,
    0.6310805054664206,
    0.639968763311089,
    0.6465142694874343,
    0.65030526764163,
    0.6541388612807042,
    0.6553741303421837,
    0.6621468124378815,
    0.6622178049126792,
    0.6683373562402385,
    0.6674570495527474,
    0.667712622462019,
    0.6692318614226892,
    0.6751952293056936
  ],
  "train_macro_f1": [
    0.5592440103827567,
    0.5804528406207157,
    0.5916123206037633,
    0.6063974033705855,
    0.6175375047951301,
    0.6247996952644638,
    0.6320483387152314,
    0.6347185124799903,
    0.6427951232335972,
    0.643096514848101,
    0.649320641872872,
    0.649719039962638,
    0.6511483489830925,
    0.6529209856037519,
    0.6582975462498053
  ],
  "val_loss": [
    0.17026221752166748,
    0.17167289555072784,
    0.1693890243768692,
    0.16775630414485931,
    0.16502061486244202,
    0.16453146934509277,
    0.1667139083147049,
    0.1625581681728363,
    0.16184623539447784,
    0.16150732338428497,
    0.16008472442626953,
    0.15837319195270538,
    0.1600063592195511,
    0.15830162167549133,
    0.16112519800662994
  ],
  "val_acc": [
    0.5721899878558899,
    0.635204425853461,
    0.6079476453919849,
    0.6434354338145999,
    0.5945891242747268,
    0.6254216704898125,
    0.6371609769261908,
    0.6783834840102551,
    0.649574956146269,
    0.6707596815544461,
    0.6827688571043045,
    0.6613817298610174,
    0.685669950074214,
    0.6677236540277965,
    0.6602347861287275
  ],
  "val_macro_f1": [
    0.5318485959211405,
    0.49622954540427233,
    0.537377649506352,
    0.5523134739012211,
    0.577162877228526,
    0.5857665121274767,
    0.6083515298807823,
    0.6133442996682404,
    0.6353042652916653,
    0.6366388910546026,
    0.642144008968797,
    0.6502786006989771,
    0.6597219554138513,
    0.6487486056628422,
    0.6382750894116331
  ]
}