{
  "experiment": "apnea_subtype_mel_cnn",
  "task": "3-class apnea sub-type (within apnea positives)",
  "pipeline_role": "Stage B; Stage A = mel_cnn.ipynb (binary, F1 0.7766)",
  "feature": "mel_spectrogram (n_mels=128, mel_v4 cache)",
  "model": "ResNet18 (ImageNet-pretrained)",
  "num_classes": 3,
  "class_names": [
    "OSA",
    "CSA",
    "Mixed/Hypopnea"
  ],
  "best_epoch": 3,
  "best_val_acc": 0.49043829433424396,
  "best_val_macro_f1": 0.45364801245741077,
  "test_loss": 0.3966419560796482,
  "test_loss_unweighted": 0.9320442975265238,
  "test_accuracy": 0.47402653716069726,
  "test_macro_f1": 0.43292594301879,
  "classification_report": {
    "OSA": {
      "precision": 0.5774193548387097,
      "recall": 0.28855454056958624,
      "f1-score": 0.38480831243281977,
      "support": 1861.0
    },
    "CSA": {
      "precision": 0.2447112635791881,
      "recall": 0.6353290450272142,
      "f1-score": 0.35332966428178314,
      "support": 2021.0
    },
    "Mixed/Hypopnea": {
      "precision": 0.6807994023160254,
      "recall": 0.47653288011504774,
      "f1-score": 0.5606398523417673,
      "support": 7649.0
    },
    "accuracy": 0.47402653716069726,
    "macro avg": {
      "precision": 0.5009766735779744,
      "recall": 0.46680548857061605,
      "f1-score": 0.43292594301879,
      "support": 11531.0
    },
    "weighted avg": {
      "precision": 0.5876830727051996,
      "recall": 0.47402653716069726,
      "f1-score": 0.49592765167922465,
      "support": 11531.0
    }
  },
  "confusion_matrix": [
    [
      537,
      339,
      985
    ],
    [
      13,
      1284,
      724
    ],
    [
      380,
      3624,
      3645
    ]
  ],
  "config": {
    "sample_rate": 16000,
    "n_mels": 128,
    "n_fft": 1024,
    "hop_length": 512,
    "f_min": 20,
    "f_max": 8000,
    "db_floor": -100.0,
    "db_ceil": 0.0,
    "batch_size": 128,
    "num_epochs": 15,
    "learning_rate": 0.0001,
    "weight_decay": 0.001,
    "dropout": 0.6,
    "loss": {
      "type": "focal",
      "gamma": 2.0,
      "alpha": [
        1.5438807010650635,
        2.092526912689209,
        0.5335067510604858
      ]
    },
    "spec_aug": {
      "freq": 32,
      "time": 40,
      "n_masks": 2
    },
    "apnea_filter": "apnea_type in {1, 2, 3} (drop non-apnea and Other)",
    "label_remap": {
      "1": 0,
      "2": 1,
      "3": 2
    },
    "num_train": 42449,
    "num_val": 8419,
    "num_test": 11531
  }
}