{
  "train_loss": [
    0.5317627191543579,
    0.4098021388053894,
    0.36182641983032227,
    0.3340786397457123,
    0.31076565384864807,
    0.29700830578804016,
    0.27466437220573425,
    0.2614564299583435
  ],
  "train_acc": [
    0.4044853824589507,
    0.4670781408278169,
    0.5137930222148932,
    0.5543829065466795,
    0.5797309712831868,
    0.5958208673938138,
    0.6189780677990059,
    0.6368819053452378
  ],
  "train_macro_f1": [
    0.3889141064984813,
    0.45425284083924083,
    0.5001537027261788,
    0.5394215171800639,
    0.5637775846019345,
    0.5785833736275805,
    0.6026213041320712,
    0.6197464199262273
  ],
  "val_loss": [
    0.5457165837287903,
    0.5353553295135498,
    0.4839698374271393,
    0.6135733723640442,
    0.4734954535961151,
    0.5532223582267761,
    0.5671916604042053,
    0.5861114859580994
  ],
  "val_acc": [
    0.47143366195510156,
    0.4502910084333056,
    0.49043829433424396,
    0.4697707566219266,
    0.45777408243259293,
    0.4689393039553391,
    0.4707209882408837,
    0.46834540919349094
  ],
  "val_macro_f1": [
    0.44754855901687535,
    0.4443549287547568,
    0.45364801245741077,
    0.4021232180549754,
    0.452329722960742,
    0.44814152826248943,
    0.4496317268014553,
    0.4498470041800548
  ]
}