{
  "experiment": "attention_fusion_yolo_joints_eval",
  "baseline_checkpoint": "C:\\Users\\John joseph peter\\Desktop\\NUS\\ApneaSense\\ApneaSense\\experiments\\artifacts\\vision-spatial\\fusion\\attention_fusion\\checkpoints\\best_attention_fusion.pth",
  "depth_metadata": {
    "depth_source": "real"
  },
  "yolo_model": "C:\\Users\\John joseph peter\\Desktop\\NUS\\ApneaSense\\yolov8n-pose.pt",
  "yolo_metadata": {
    "model_path": "C:\\Users\\John joseph peter\\Desktop\\NUS\\ApneaSense\\yolov8n-pose.pt",
    "conf_threshold": 0.2,
    "keypoint_shape_example": [
      1,
      17,
      2
    ]
  },
  "test_samples": 2160,
  "test_subjects": [
    "00100",
    "00005",
    "00055",
    "00076",
    "00012",
    "00070",
    "00087",
    "00014",
    "00018",
    "00029",
    "00032",
    "00036",
    "00095",
    "00004",
    "00015",
    "00082"
  ],
  "class_names": [
    "supine",
    "left",
    "right"
  ],
  "detection_rate": {
    "n_detected": 2155,
    "n_total": 2160,
    "fraction": 0.9976851851851852
  },
  "real_depth_gt_joints": {
    "accuracy": 0.9981481481481481,
    "macro_f1": 0.9981481445758962,
    "classification_report": {
      "supine": {
        "precision": 0.9958448753462604,
        "recall": 0.9986111111111111,
        "f1-score": 0.9972260748959778,
        "support": 720.0
      },
      "left": {
        "precision": 0.9986072423398329,
        "recall": 0.9958333333333333,
        "f1-score": 0.9972183588317107,
        "support": 720.0
      },
      "right": {
        "precision": 1.0,
        "recall": 1.0,
        "f1-score": 1.0,
        "support": 720.0
      },
      "accuracy": 0.9981481481481481,
      "macro avg": {
        "precision": 0.9981507058953644,
        "recall": 0.9981481481481481,
        "f1-score": 0.9981481445758962,
        "support": 2160.0
      },
      "weighted avg": {
        "precision": 0.9981507058953645,
        "recall": 0.9981481481481481,
        "f1-score": 0.9981481445758961,
        "support": 2160.0
      }
    },
    "confusion_matrix": [
      [
        719,
        1,
        0
      ],
      [
        3,
        717,
        0
      ],
      [
        0,
        0,
        720
      ]
    ]
  },
  "real_depth_yolo_joints": {
    "accuracy": 0.9958333333333333,
    "macro_f1": 0.9958326514289894,
    "classification_report": {
      "supine": {
        "precision": 0.993103448275862,
        "recall": 1.0,
        "f1-score": 0.9965397923875432,
        "support": 720.0
      },
      "left": {
        "precision": 0.9944521497919556,
        "recall": 0.9958333333333333,
        "f1-score": 0.9951422623178349,
        "support": 720.0
      },
      "right": {
        "precision": 1.0,
        "recall": 0.9916666666666667,
        "f1-score": 0.99581589958159,
        "support": 720.0
      },
      "accuracy": 0.9958333333333333,
      "macro avg": {
        "precision": 0.995851866022606,
        "recall": 0.9958333333333332,
        "f1-score": 0.9958326514289894,
        "support": 2160.0
      },
      "weighted avg": {
        "precision": 0.9958518660226058,
        "recall": 0.9958333333333333,
        "f1-score": 0.9958326514289892,
        "support": 2160.0
      }
    },
    "confusion_matrix": [
      [
        720,
        0,
        0
      ],
      [
        3,
        717,
        0
      ],
      [
        2,
        4,
        714
      ]
    ]
  },
  "joint_estimation_gap": {
    "accuracy": -0.0023148148148147696,
    "macro_f1": -0.002315493146906822
  }
}