{
  "experiment": "mfcc_cnn",
  "feature": "mfcc",
  "model": "ResNet18 (ImageNet-pretrained)",
  "best_epoch": 3,
  "best_val_acc": 0.7747942248009715,
  "best_val_macro_f1": 0.7576336208056188,
  "test_loss": 0.2260347157716751,
  "test_loss_unweighted": 0.5810399055480957,
  "test_accuracy": 0.7491368749303932,
  "test_macro_f1": 0.7127299666928031,
  "classification_report": {
    "non-apnea": {
      "precision": 0.6513037091443261,
      "recall": 0.5772172497965826,
      "f1-score": 0.6120265723406091,
      "support": 6145.0
    },
    "apnea": {
      "precision": 0.7923593350383632,
      "recall": 0.8392448996867857,
      "f1-score": 0.8151284686536485,
      "support": 11813.0
    },
    "accuracy": 0.749582358837287,
    "macro avg": {
      "precision": 0.7218315220913447,
      "recall": 0.7082310747416842,
      "f1-score": 0.7135775204971289,
      "support": 17958.0
    },
    "weighted avg": {
      "precision": 0.7440918875988456,
      "recall": 0.749582358837287,
      "f1-score": 0.7456295738522437,
      "support": 17958.0
    }
  },
  "config": {
    "sample_rate": 16000,
    "n_mfcc": 40,
    "n_fft": 1024,
    "hop_length": 512,
    "n_mels": 128,
    "f_min": 20,
    "f_max": 8000,
    "batch_size": 128,
    "num_epochs": 15,
    "learning_rate": 0.0001,
    "weight_decay": 0.001,
    "dropout": 0.6,
    "loss": {
      "type": "focal",
      "gamma": 2.0,
      "alpha": [
        1.3111549615859985,
        0.8082025051116943
      ]
    },
    "spec_aug": {
      "freq": 8,
      "time": 40,
      "n_masks": 2
    },
    "num_train": 70430,
    "num_val": 14822,
    "num_test": 17958
  }
}