{
  "train_loss": [
    0.2049281746149063,
    0.1505819410085678,
    0.1348300576210022,
    0.12517839670181274,
    0.11907169967889786,
    0.11419449746608734,
    0.10467704385519028,
    0.10075828433036804
  ],
  "train_acc": [
    0.6094987931279284,
    0.712622462019026,
    0.749481754933977,
    0.767258270623314,
    0.7808320318046287,
    0.7906147948317478,
    0.8104216953002982,
    0.8187988073264234
  ],
  "train_macro_f1": [
    0.5997222803289655,
    0.7025827960797266,
    0.7397876652369487,
    0.7581582045937661,
    0.7720289127796778,
    0.7823843036879846,
    0.8028527834776457,
    0.8114965747993504
  ],
  "val_loss": [
    0.16631163656711578,
    0.16947096586227417,
    0.1834891438484192,
    0.20592275261878967,
    0.3451741635799408,
    0.2048797756433487,
    0.15538930892944336,
    0.16867724061012268
  ],
  "val_acc": [
    0.5946565915530968,
    0.7452435568749156,
    0.7747942248009715,
    0.4493320739441371,
    0.4263257320199703,
    0.6113210093104844,
    0.6980164620159223,
    0.7805289434624207
  ],
  "val_macro_f1": [
    0.5831747753853158,
    0.7350009674229232,
    0.7576336208056188,
    0.4032707527350156,
    0.3598302714066105,
    0.6083775351069134,
    0.6972781289078922,
    0.7568773992055398
  ]
}