{
    "train_loss": [
        0.018195991915683215,
        0.0036882889308385166,
        0.02253841762817195,
        0.013541996107671369,
        0.010953284760019314,
        0.00851419038560978,
        0.0052969940183633215,
        0.009391794809665318,
        0.005846966318356191,
        0.0037660706906371623,
        0.0034369622608079247,
        0.0004472410360131795,
        0.0004945896902225084,
        0.0002320261704150345,
        0.00020325852315302673
    ],
    "train_acc": [
        0.9942618675013041,
        0.9993740219092332,
        0.9925925925925926,
        0.9958268127282212,
        0.9965571205007825,
        0.9970787689097548,
        0.9984350547730829,
        0.9968701095461658,
        0.9986437141366719,
        0.9989567031820553,
        0.9988523735002608,
        1.0,
        1.0,
        1.0,
        1.0
    ],
    "train_macro_f1": [
        0.9942626451198953,
        0.9993739728898272,
        0.9925921836429067,
        0.9958265185862558,
        0.9965573808338729,
        0.9970786215065924,
        0.9984350544741374,
        0.9968703540836432,
        0.9986437137278573,
        0.9989566540629985,
        0.9988523732269189,
        1.0,
        1.0,
        1.0,
        1.0
    ],
    "val_loss": [
        0.07035861569593292,
        0.04091877364082101,
        0.11034200963587033,
        0.036520698509857424,
        0.04115713970555477,
        0.025353023157213214,
        0.026546194146776766,
        0.07269982949362472,
        0.06575908062853103,
        0.045284681755872976,
        0.025749097516540198,
        0.02361211018707898,
        0.017952585458531106,
        0.020384022165388968,
        0.021848391562091
    ],
    "val_acc": [
        0.9772839506172839,
        0.988641975308642,
        0.9619753086419753,
        0.9911111111111112,
        0.9871604938271605,
        0.9911111111111112,
        0.9920987654320987,
        0.9738271604938271,
        0.9772839506172839,
        0.9881481481481481,
        0.9925925925925926,
        0.9920987654320987,
        0.9935802469135803,
        0.9925925925925926,
        0.9920987654320987
    ],
    "val_macro_f1": [
        0.9773666480616173,
        0.988664484102255,
        0.9617390091150199,
        0.9911111013492588,
        0.9871466606963732,
        0.9911044240312533,
        0.9920857754978657,
        0.9737248942844207,
        0.977300519255257,
        0.9881314289904014,
        0.992587024259338,
        0.9920925023469428,
        0.9935769303296057,
        0.9925979983467741,
        0.9920950835751096
    ]
}