{
  "train_loss": [
    0.20852190256118774,
    0.14281107485294342,
    0.12735988199710846,
    0.11967234313488007,
    0.11305593699216843,
    0.10719998180866241,
    0.09796056896448135,
    0.09392951428890228,
    0.09129703789949417,
    0.0886453241109848,
    0.08404234796762466,
    0.08079823106527328
  ],
  "train_acc": [
    0.6287945477779355,
    0.718628425386909,
    0.7595768848502059,
    0.7764162998722135,
    0.7908703677410195,
    0.8060343603578021,
    0.8241232429362487,
    0.8324009654976573,
    0.8395144114723839,
    0.8431492261820247,
    0.8519380945619764,
    0.8594774953854891
  ],
  "train_macro_f1": [
    0.6192834021931111,
    0.7086009505196282,
    0.7503004286898656,
    0.7680019451601381,
    0.7828924143347396,
    0.7983217612430042,
    0.8169833461243954,
    0.8256144034571968,
    0.8326089520807896,
    0.8363409705300291,
    0.8454786045829468,
    0.8532872265067719
  ],
  "val_loss": [
    0.14422830939292908,
    0.13412687182426453,
    0.12221942096948624,
    0.13961170613765717,
    0.12584662437438965,
    0.14114348590373993,
    0.13950732350349426,
    0.136343851685524,
    0.14261572062969208,
    0.1379280537366867,
    0.1481139361858368,
    0.13761937618255615
  ],
  "val_acc": [
    0.6377007151531507,
    0.7059776008635812,
    0.7650114694373229,
    0.6988935366347322,
    0.7650114694373229,
    0.7436918094724059,
    0.8057617055727972,
    0.7764809067602213,
    0.7550263122385643,
    0.7869383349075698,
    0.8028606126028875,
    0.7801241397922007
  ],
  "val_macro_f1": [
    0.6369455332775138,
    0.7050881387955192,
    0.761214714681469,
    0.6984584754902132,
    0.7612312099405432,
    0.741197903014983,
    0.7932296481668408,
    0.7690943788513445,
    0.7527987738482165,
    0.7805338936966906,
    0.7928003879039729,
    0.7745970534105506
  ]
}