{
  "train_loss": [
    0.15133674442768097,
    0.1260605752468109,
    0.11436810344457626,
    0.10688906908035278,
    0.10135975480079651
  ],
  "train_acc": [
    0.672043163424677,
    0.7595484878602868,
    0.7876047139003266,
    0.805395428084623,
    0.8170097969615221
  ],
  "train_macro_f1": [
    0.6618156882121956,
    0.7506276301498694,
    0.7796780529222596,
    0.7977795563280773,
    0.8098571631554832
  ],
  "val_loss": [
    0.1269504874944687,
    0.13097408413887024,
    0.12637300789356232,
    0.14348840713500977,
    0.15514150261878967
  ],
  "val_acc": [
    0.7884226150317096,
    0.7913237080016192,
    0.7861961948455,
    0.7762110376467414,
    0.7831601673188504
  ],
  "val_macro_f1": [
    0.7752057735764846,
    0.7727542568940944,
    0.7708218804452982,
    0.7599021609310183,
    0.7650032248853531
  ]
}